ID,target
test_2,0.9446628121417011
test_3,4.056464655649401e-05
test_4,0.2685387484886889
test_8,0.034892507879891434
test_9,0.017356382105504206
test_10,1.3777108650943696e-10
test_11,0.6267595374207532
test_14,0.9883588749648452
test_16,0.9997325714351568
test_19,0.3628357578560743
test_20,0.040041181473292664
test_22,0.8949712691501664
test_23,0.9587782943487861
test_24,0.22507864803256153
test_26,0.9997256958008098
test_27,0.4914685815353286
test_28,0.5005107780304392
test_30,0.002230123994788453
test_33,0.00022892425692870645
test_34,0.8066996490922117
test_35,0.9998945379666957
test_36,0.8859523771089671
test_37,0.9225744291595022
test_40,0.00132407362143123
test_41,0.9015404362893494
test_42,0.5629749699758083
test_43,0.8810856123070357
test_44,0.99956323745416
test_45,7.973305286207316e-06
test_46,0.18807740683685292
test_48,0.00030158288643455087
test_49,3.6466109895232553e-06
test_51,0.0023350081946714746
test_52,0.06814919309850982
test_53,0.01808375868486205
test_54,0.0011894366845409704
test_55,0.28826267997654637
test_56,0.005811721661338216
test_58,0.9928448230720794
test_59,0.03653977486130537
test_63,0.23266009141234098
test_64,0.9973662916244318
test_65,0.9835556554457328
test_66,0.9999961224811712
test_67,3.4069977735631893e-06
test_69,0.9952484607626633
test_70,0.9961688201933875
test_71,0.9858880774576163
test_72,0.6353065792689685
test_75,0.999623578168954
test_76,0.9972936503808874
test_78,0.4130238549418984
test_80,5.4739479108381825e-05
test_81,0.9853649119579775
test_83,0.3204423494570901
test_85,0.00238401073465823
test_90,1.726559716050836e-07
test_92,0.8158315269507506
test_93,7.299596856913641e-06
test_94,0.0002460826485407613
test_95,0.9994372496972862
test_96,0.004191575034160544
test_97,0.5425320846771349
test_98,0.0004367855969263182
test_101,3.113415347650185e-05
test_102,0.99977813142692
test_103,6.566900943705909e-06
test_105,0.00505603137352461
test_106,6.947943594730773e-05
test_107,0.9999325290055994
test_108,0.9998655785301781
test_109,0.018031453725612497
test_110,5.8762245114553536e-05
test_111,0.9997968817180178
test_112,0.4143911222393709
test_115,0.0005040339661517604
test_116,0.0333637305865589
test_119,0.949272805738908
test_120,0.01177101966579697
test_123,0.999971200792437
test_124,0.9999898556033168
test_125,0.011762713094306798
test_126,0.9996078550175636
test_127,0.7315342695985985
test_130,0.8600387159111491
test_132,0.5995646593642165
test_133,0.9999999814380686
test_134,0.9534968745939265
test_136,0.9999700245027515
test_137,0.041574990871647365
test_138,0.0009460089276379363
test_140,1.6605700409073138e-05
test_141,0.009190208662538658
test_142,0.9925962494168473
test_143,1.1131322215754806e-06
test_145,0.9970796767506411
test_146,0.08493965974433738
test_147,0.07729426990063057
test_148,0.9995886115287661
test_149,0.9907061220411651
test_150,0.9998694876417262
test_151,0.003921750595485168
test_153,0.0018042612039857616
test_154,0.04259340342176999
test_157,0.2747246496310464
test_158,0.000715368346791205
test_160,0.03979877769751931
test_163,9.536052316872788e-06
test_165,0.0008397633966031145
test_167,0.0033088908124961204
test_168,0.999998447449956
test_169,0.99736768822058
test_170,0.9997750106570118
test_171,0.0021180882314335444
test_172,0.9722783713576612
test_173,0.9974545524866943
test_174,0.9990258979337987
test_175,0.0006001225117368952
test_176,0.28308505265407796
test_177,0.9988005119429755
test_178,1.2257296794687643e-07
test_179,2.9265499078908553e-05
test_181,0.06779332717985018
test_184,0.022842187343735523
test_186,0.0009343577133488517
test_188,0.010467397162101768
test_189,0.10060331333078791
test_190,0.9994139891508903
test_192,0.003004232101009337
test_193,0.00949048078803114
test_195,0.9072055783108287
test_196,0.0015983097186956716
test_197,0.01368076135805095
test_198,0.9999697854669011
test_201,0.9998538026864283
test_202,0.7911851453236523
test_203,0.002444741873350673
test_208,0.9459065014102283
test_209,0.8471179639565503
test_210,0.01221822334351841
test_211,0.9999865422838724
test_212,0.03376837654568628
test_213,0.02036054133168997
test_214,0.8678877714089446
test_215,9.63669957884376e-06
test_216,0.0004551800829035436
test_218,1.524932690981682e-05
test_219,0.9995245628850131
test_220,0.9470616884883161
test_221,0.5808859551223825
test_222,0.035619518009858436
test_223,0.0029080562039258966
test_224,0.9999877972313178
test_226,0.9587624523979846
test_227,0.9911669648477553
test_229,0.9998816579275874
test_231,0.10182447328174402
test_232,0.26555143029583034
test_233,0.08937650757546106
test_234,0.991116554415334
test_236,0.28244665163745747
test_238,0.015133069099155995
test_240,0.9998383504208116
test_241,1.1878340599854875e-05
test_242,0.40038437423428525
test_243,0.029534777274415887
test_244,0.9128707001717334
test_245,0.0024194660110216605
test_250,0.08500333134639225
test_251,0.510177330283867
test_252,0.9999986192762459
test_253,0.19764317443189158
test_254,0.9975227515576441
test_256,0.9904511358316505
test_258,0.9979999170235916
test_259,0.02423921411679148
test_260,0.17921772790552398
test_261,0.16719837012010808
test_263,0.7045906430009866
test_264,0.026787331458241494
test_266,4.462526265528083e-05
test_267,0.0011067872713258022
test_268,0.0014519435926546628
test_269,0.00848131167572127
test_270,0.965139011600349
test_272,0.9912082366191508
test_273,0.9721935672219191
test_275,0.040728948572646334
test_276,3.0224006387787804e-06
test_277,4.056095170029619e-05
test_279,0.8472334429231992
test_281,0.9999964348523642
test_282,0.001530924208424274
test_283,0.0016494696559096527
test_284,0.017990083586528396
test_285,0.004273293374920687
test_286,0.1879819557996058
test_289,2.3657776695337167e-07
test_290,0.4784606636296837
test_291,3.563651531240955e-07
test_302,0.999984827479287
test_303,0.9996561264970827
test_304,0.11786030020329509
test_306,0.9993638440673471
test_308,0.12152285062325464
test_309,0.0011044477851329922
test_310,0.07228636630592897
test_311,0.9995058091179362
test_312,0.0022441650600579922
test_313,0.07366903934670596
test_316,3.5085714540421346e-05
test_318,0.05754657195334696
test_319,0.9083653796621921
test_321,0.0007201325967599375
test_330,0.5028237331019297
test_331,0.9999933164527698
test_334,0.6539604995281812
test_335,5.9899930629847304e-05
test_337,0.010539344867648837
test_338,0.9883282305654906
test_339,0.0003228179262193472
test_340,5.741335963617731e-05
test_342,0.9998692071785283
test_344,0.21659498147697273
test_345,0.7697489602601215
test_346,0.09597541772247274
test_347,0.9999636736851187
test_348,0.8449253227692421
test_349,0.6301553052514108
test_350,0.004905205270403707
test_351,2.5606267651081757e-05
test_352,0.639538900795128
test_353,0.6879961552108608
test_354,0.00015066850454161583
test_356,0.9992782840157053
test_359,3.0281248990147965e-05
test_360,0.0033092799975829672
test_361,0.03905549377121034
test_363,0.001354036931395935
test_365,0.9196701630048646
test_366,7.072879228015903e-08
test_367,0.9245866369744484
test_368,0.0003428026354712639
test_369,0.06943422390159311
test_371,0.9999449109798506
test_372,0.011861944106779492
test_373,0.9995294158802062
test_375,0.8843196288367761
test_378,0.9903931158284291
test_380,0.17539483109453957
test_381,2.8009756950601645e-05
test_383,0.004392871416465968
test_384,0.00011239839374689081
test_385,0.08652488862249483
test_386,0.8805112468129639
test_388,0.8330872405272348
test_389,0.03704846386598891
test_390,0.2029601840862634
test_393,0.9999958937857024
test_394,0.9990524647942652
test_395,0.9852130461290056
test_396,0.914080706245324
test_397,1.2626804324204812e-05
test_398,0.03690774603135925
test_401,0.5346817644590094
test_402,0.000253866269513361
test_403,3.464543425235195e-06
test_406,2.922245493142419e-05
test_407,0.9998068884766705
test_410,0.4020714979329645
test_411,0.8300127740380903
test_412,0.0789631949967637
test_413,0.3547907175108756
test_414,0.9991820671206544
test_416,0.00020377700567769563
test_417,0.6176415101900347
test_418,6.874692197396018e-08
test_419,0.9835245129474008
test_420,0.9896750440646283
test_421,0.9995394913181286
test_423,0.8388747836284889
test_424,0.7448605355266323
test_426,0.2152916646707349
test_428,0.9999881747912778
test_429,0.8119438942791325
test_430,0.00789812774857909
test_431,0.00532504544890283
test_432,0.990787040280143
test_435,0.9995742400399272
test_436,7.643879763946582e-05
test_437,0.3978784605087306
test_438,0.9583966264508211
test_441,0.9167034747128223
test_442,9.631319842119389e-05
test_444,0.8990644720048795
test_445,4.808936443087499e-08
test_446,1.0159574024506198e-08
test_447,2.7545892333966605e-08
test_448,0.00018481705996379965
test_449,0.8696970038189729
test_450,0.9999819759894484
test_452,0.03382598481596775
test_453,0.9998235490040671
test_454,0.09561656610346538
test_455,0.00367141956993
test_456,2.747971392321471e-05
test_457,7.856194090779507e-06
test_458,0.00014373349174255184
test_459,9.262295117827747e-05
test_461,3.570055061281618e-05
test_463,0.03963188911403759
test_464,0.0467151941348664
test_465,0.9999980132398961
test_466,0.9994984262917378
test_467,0.990222108603612
test_470,2.4085119490776744e-05
test_471,0.03387056174776591
test_473,0.9980169109815241
test_474,0.03785871152977818
test_475,0.9993645235642226
test_476,1.3622270041624262e-05
test_477,0.06407237306000807
test_478,0.9627613787769768
test_479,0.9999925263678704
test_481,1.8758988729165583e-05
test_482,0.8544815139152367
test_483,0.022824368683891778
test_484,0.0004573570212389334
test_485,0.999504844093905
test_486,0.021798301194854947
test_487,1.4285886725150049e-06
test_488,0.9995702082010204
test_489,0.026981578527916477
test_490,0.987635505954512
test_491,0.027419233296264035
test_492,0.9992190886624072
test_494,0.4765026438828599
test_496,3.999830880232156e-06
test_497,0.3266941979963299
test_498,0.001013047100476402
test_499,0.9175636497138707
test_500,0.0005095047686839373
test_501,0.9993014591000806
test_502,0.48781064752361425
test_504,0.8831635888099687
test_505,0.9997136634163688
test_507,4.582492324862262e-08
test_508,7.416118401829466e-05
test_509,0.00019367485008321404
test_510,0.0007332477956943033
test_511,0.6272153212195722
test_512,0.9961688201933875
test_513,0.51804932194308
test_516,0.963403348434587
test_517,0.01139702962825115
test_518,0.3782976710763795
test_520,0.9527130799946332
test_521,0.9955535501712014
test_524,5.005966864962274e-05
test_525,0.0028007298229231893
test_526,0.00033035888945671867
test_527,0.9999996489472971
test_530,0.9940301116742504
test_533,3.7858176390959026e-08
test_534,0.9996395901392628
test_535,0.00012284491014484802
test_536,0.3241414761367053
test_537,0.1965822412105748
test_539,0.6229358053156068
test_540,0.0005549318595048893
test_542,0.9925824284970663
test_544,0.9999976379354232
test_548,0.9986755016496689
test_550,3.1830584309308014e-06
test_551,0.09823965320000923
test_552,0.18882465907272628
test_554,0.9979095807306476
test_555,0.033099208698904634
test_557,0.9939773532028957
test_560,0.7053574721440845
test_561,0.6159405392533086
test_562,0.15207887847704432
test_563,0.9989737830780151
test_565,0.43241056980303155
test_568,0.9999730603328252
test_569,0.004520251984208844
test_570,0.005905270596559277
test_571,0.9703993987638726
test_572,0.14580445402938588
test_573,0.9999807427604845
test_574,0.36346575328787095
test_575,0.9999786357471959
test_576,0.0645508602313565
test_579,1.4929906217111135e-05
test_580,0.9998257555667028
test_581,1.1820641666199945e-05
test_582,0.0008643840187366558
test_583,0.9871311799956791
test_585,0.0029880699308412594
test_586,0.4776595349613251
test_587,0.13292264114985036
test_590,5.53116081002176e-05
test_591,0.3438519285112764
test_593,0.8100291218578116
test_595,0.0025442351132311555
test_596,1.1427635479603813e-05
test_597,0.14270951663413753
test_598,0.8864338305718912
test_599,0.17373578205232015
test_600,0.9999903465633398
test_601,0.9998501942198004
test_602,0.5151929205488779
test_603,0.00840783939369986
test_604,0.0003204137534365242
test_605,0.9998059714468593
test_606,0.26467713644093294
test_607,0.11250970198547243
test_608,0.9999881627331151
test_609,0.9873609629221768
test_610,0.026726387416208305
test_613,0.0016698268911375783
test_614,0.00017635454733790315
test_615,0.15549169196401164
test_616,0.9987725240647924
test_617,0.001711315743351785
test_619,0.0316756649861809
test_620,0.2919106373154153
test_622,0.015728981180631794
test_625,0.005182135152898848
test_626,0.9988587112224153
test_627,0.0005075636094541596
test_628,0.2516952446672353
test_629,0.9989903575459278
test_631,0.00015949111776413318
test_632,0.010484394877216714
test_634,0.9664880432325313
test_635,0.0005244215141789947
test_637,0.001552343349374086
test_638,0.9207286143384966
test_639,0.306082350025235
test_640,0.0002793481731188243
test_641,4.937273494419405e-07
test_642,0.8630085801542657
test_644,1.1639589612384693e-05
test_645,0.4206147774809335
test_647,0.00011125294692276679
test_648,0.9979784595379227
test_649,0.09386600714204263
test_650,0.999994871800985
test_651,0.9038337906173995
test_653,9.618841688859055e-06
test_655,0.0008924325885228316
test_656,0.9564045008816265
test_657,0.8131247245167319
test_658,0.9917012291752052
test_659,0.00016173629556590196
test_661,0.9912222778928613
test_662,0.0007871181740881283
test_664,0.0008580219336836866
test_667,1.0537143901090723e-06
test_669,0.8209640456321777
test_672,0.9506041064592222
test_674,0.0010499824283612994
test_675,0.0014631209523823816
test_676,0.9973604965138702
test_677,2.787982540526888e-08
test_679,0.999864640507716
test_680,0.007684178625720446
test_681,0.9533115221714444
test_682,0.627811494145114
test_688,0.00017417078280753507
test_689,0.08116030983487092
test_690,0.999978476055812
test_691,0.7697534720031051
test_693,0.2630485022752164
test_695,3.6262822044100147e-07
test_696,0.033619790382131524
test_697,7.885377385231333e-07
test_698,0.9999201903046678
test_699,0.7398028249441281
test_701,0.005766233561756235
test_703,2.9741486871631603e-06
test_704,0.5459901787005648
test_705,0.005566879379437962
test_706,0.08150564773157509
test_709,0.010881467637150873
test_711,0.035983759904329594
test_713,0.0005292933719518525
test_714,0.8379400187360735
test_715,0.0002012103865815792
test_716,8.440435567752663e-06
test_717,0.9993711053941855
test_718,0.00831251015702544
test_719,7.111375493160388e-05
test_722,0.002383119257099182
test_723,0.7171025599635632
test_724,0.9999901248270004
test_726,1.327629536642178e-06
test_727,0.9955821371020497
test_732,0.9955859698897712
test_734,0.9999950003457954
test_735,0.0010648046913257444
test_736,0.8903262754241758
test_738,0.9982219289818051
test_739,0.572779537017003
test_740,0.9999992290043875
test_741,0.001286274405555494
test_743,0.03143515288525507
test_744,0.9999592012790031
test_746,0.9999684513419301
test_748,0.9900076837563091
test_749,0.9972157905301033
test_751,0.0017020575285245521
test_752,0.9994396574073524
test_754,0.955792222826877
test_755,8.211592768036943e-06
test_756,0.9974398831660201
test_757,0.025765689443053425
test_758,0.012287810435272023
test_760,0.09264605915283344
test_761,0.0007199629381059593
test_762,0.10032371755753254
test_766,6.538711815715961e-05
test_767,5.96459761790622e-09
test_768,0.061491740257648086
test_771,9.53796200455475e-06
test_772,0.0008078403652619676
test_773,0.9999933459015985
test_776,0.9977472573207473
test_777,0.6844757468146594
test_778,0.9999988181231512
test_780,0.9999784658239513
test_782,0.020929195809556513
test_784,0.00012252468997124254
test_785,0.16843288062820788
test_786,0.9985980970945053
test_789,0.999986743364818
test_790,0.9957525996665858
test_791,0.14946499867964536
test_792,0.9998574081328798
test_793,3.7816281844233963e-06
test_794,0.9985298966690875
test_795,0.0007456300878548257
test_797,0.2102489326743502
test_802,0.9995505713022957
test_803,0.9076085344216712
test_806,0.011496604761704098
test_807,0.11895538692299007
test_808,0.10209719020049512
test_809,1.0450063328928681e-08
test_810,0.0850776831667318
test_811,0.011594025287515108
test_813,0.8991907243114838
test_814,9.447299683320527e-05
test_815,0.5289079706060342
test_817,0.863476853116635
test_818,0.9999177524106839
test_819,0.002782795432833038
test_820,3.049641533723006e-06
test_821,0.0038423267512741857
test_826,1.5670895665381592e-07
test_827,0.9999995620271251
test_828,7.767640394435711e-07
test_832,0.9937764967895479
test_835,2.516144963285666e-07
test_837,0.0036374005336929378
test_838,0.9791129355371129
test_840,0.00016116249054308124
test_841,0.9997856721778403
test_843,0.9999997245842441
test_844,0.0004013731392481351
test_848,0.9949757393487807
test_849,0.9976405706179718
test_850,0.611292771816234
test_851,0.9416313036404675
test_852,0.3327794500929813
test_853,0.6650167092868509
test_854,0.36086888474923634
test_856,0.001015619949305024
test_857,1.1089254559732584e-08
test_860,0.9973923799331094
test_861,0.999999978586048
test_862,0.7673861634945466
test_863,0.0012054837276815199
test_864,0.3010884722790836
test_865,0.5162607389080452
test_867,7.978092963481257e-05
test_868,3.370786783979753e-06
test_870,0.010433747488025303
test_871,0.8828512646826139
test_873,0.5763653961330236
test_876,0.9662711104204414
test_879,8.275896729588876e-05
test_880,0.9999877753227947
test_881,0.6936395506658464
test_883,8.546634347619367e-05
test_884,0.9964998009074895
test_885,0.9549539690915451
test_886,0.9942750059468638
test_887,0.4898052137718484
test_890,0.9870610953505515
test_891,0.9799127707259642
test_892,0.9955585964776389
test_893,0.00013365734333586947
test_895,0.9999574093890282
test_897,0.0015453737220689754
test_898,0.9999982210765859
test_899,0.9803321281579052
test_900,0.9330594760248414
test_901,0.0006412216805343831
test_902,0.0021823766083071327
test_903,0.7933687243283909
test_904,0.8474840072375162
test_905,0.00010239211006321908
test_908,0.00041960352194420905
test_910,0.9999880513094543
test_911,0.9998673022010354
test_912,0.0003945270449266621
test_913,0.047316984778087656
test_916,0.22552413403372104
test_917,0.9994295293686272
test_919,0.01563007324722747
test_920,0.991736760282183
test_921,0.9998473309246063
test_922,0.999967740373171
test_924,0.002671276098657822
test_925,0.02349377946700607
test_926,0.027783595368094233
test_927,0.11106077690630452
test_929,0.9984859288760691
test_930,0.005374121129431932
test_931,0.0015268249625784935
test_932,0.9999497120787216
test_933,0.9993367561802724
test_935,0.9961264318559834
test_937,0.9956252916111522
test_939,9.237646140230594e-06
test_940,0.0019828966537614578
test_942,0.11829422044658289
test_943,4.6283209165297296e-05
test_944,0.9853630615213778
test_947,0.00043449016492922994
test_949,0.18606315665886375
test_950,0.017734219163117522
test_951,0.993823551400427
test_952,2.7276547646885137e-05
test_953,1.4798338099708524e-07
test_955,6.7479293946561125e-06
test_956,0.0013170060957288126
test_957,0.5674053549149357
test_960,0.9936972780946178
test_961,0.0008405198315872319
test_963,0.9993458358980405
test_964,3.41274475043533e-11
test_965,0.8908331071139577
test_968,5.350744229990186e-06
test_970,0.019392122387594184
test_971,0.0004472637312134501
test_972,0.12526923967929368
test_973,6.871948811354019e-05
test_975,0.9943336763678448
test_979,0.9234206645223652
test_980,0.00010544540390622481
test_983,0.9969470442707523
test_984,0.8027076891665457
test_985,0.00043257991556737646
test_986,0.8505991066879584
test_988,0.030121887713744938
test_989,0.9985735624292348
test_991,0.08680692999039012
test_992,6.5025849417210475e-06
test_993,0.0009996230376477409
test_997,0.3937598987837644
test_998,0.03760123113398381
test_1002,0.9995111967304324
test_1003,0.9932993932985278
test_1004,0.999428072037712
test_1005,0.13048915728768898
test_1007,0.07156835841667207
test_1009,8.082335872212127e-05
test_1011,0.027928547303671142
test_1014,0.9996711106639669
test_1015,0.997827926609466
test_1016,0.0005542102379507795
test_1017,4.854531034362382e-06
test_1019,0.12331317752781716
test_1020,0.9958303528034064
test_1021,0.0002078346570027839
test_1022,0.9972737840573692
test_1023,0.12634445503647043
test_1024,0.005204146520851824
test_1025,0.09186603157903703
test_1027,0.9829088078102018
test_1028,0.9938289718892923
test_1029,0.09780339583803921
test_1030,0.00015288245772419545
test_1032,0.998819572660425
test_1034,0.9994012339262289
test_1035,0.9999683724256458
test_1038,0.9981438195201889
test_1039,0.0002634191348077045
test_1040,6.708202978674762e-08
test_1041,0.9999919860987606
test_1043,0.011396028601494133
test_1044,0.006631876730838522
test_1045,0.0006622061247790654
test_1047,0.03944186850018817
test_1048,6.806294936407269e-10
test_1050,0.0003199981371279948
test_1051,0.1493153061485969
test_1052,2.0706851585346153e-05
test_1053,0.999999976091618
test_1055,5.5294973109570886e-05
test_1056,0.0002129101580025267
test_1058,0.5327809685632153
test_1059,0.015426499377362679
test_1060,0.04481449873982657
test_1061,0.9729295981674924
test_1062,0.999707597884059
test_1063,0.0006927559879408701
test_1064,0.3188439137004044
test_1065,0.6091560305798148
test_1066,0.08194048697198313
test_1069,0.8454358501257572
test_1070,0.0007255920237238899
test_1074,0.998906341990579
test_1075,0.8720426765321138
test_1077,0.9456956726410035
test_1078,5.5026615879197495e-08
test_1079,0.9881123110438537
test_1080,0.7809203120625853
test_1081,0.9957501032739723
test_1082,0.9998898919141802
test_1083,0.999689937057963
test_1084,0.00779265004510616
test_1085,0.9999926114244753
test_1086,0.022744237968324442
test_1087,0.9977716434955923
test_1088,0.0032680881905435446
test_1090,0.0960399992617523
test_1093,0.9999696091357746
test_1094,5.43274486730222e-07
test_1095,0.9999805063040088
test_1096,0.013844841953219477
test_1098,0.956847254021308
test_1103,0.0035151309292916133
test_1104,0.07486159001717387
test_1105,0.2689726844679837
test_1107,0.9972043561618781
test_1108,8.079430216201557e-05
test_1109,0.00023394788802458746
test_1110,0.011792785348030735
test_1111,0.02244589439138951
test_1114,5.521726616234452e-06
test_1117,0.20541442158582832
test_1118,0.04844812899820312
test_1119,0.003139023105299004
test_1120,0.024638650780522072
test_1121,0.0008664585375816668
test_1122,0.14872694801738706
test_1123,0.9661216641642828
test_1124,0.9474647238908136
test_1126,0.9997322181227598
test_1127,2.6574079854057957e-05
test_1128,0.9766682451901443
test_1129,0.9989350421313169
test_1133,0.00022452349328437105
test_1135,4.049085097972689e-05
test_1136,6.0099739466947786e-05
test_1137,1.3411153156654017e-06
test_1138,9.605484401522662e-07
test_1139,0.2479517056032425
test_1143,0.010977068185837905
test_1144,0.0011185269636413268
test_1145,0.9999969603701978
test_1146,0.020953170822631765
test_1147,0.7112380869299941
test_1148,0.00153092187466416
test_1149,0.9999994528722913
test_1150,0.9999882575289061
test_1152,0.02840865371107097
test_1153,0.00011270003281212784
test_1154,0.9996344699064018
test_1155,0.0005092371463846645
test_1156,0.9999701261973155
test_1157,0.0002161996468818159
test_1161,0.998332409043242
test_1163,0.0003407446589627156
test_1164,0.9950709246959528
test_1165,0.9999483317253962
test_1166,0.040684471835973096
test_1167,0.07872447014827992
test_1172,0.02677781364818629
test_1173,0.013319560741031718
test_1174,0.015382052869246385
test_1175,0.030556633131491043
test_1176,0.0033787852112189196
test_1178,0.9999772184345437
test_1179,0.9999988457520252
test_1180,0.04256568619875678
test_1181,0.00010594658559361526
test_1182,0.7707608177657752
test_1183,0.1983569253107503
test_1184,0.6498317485415206
test_1186,0.02967928010309726
test_1187,1.6153417656757235e-05
test_1188,0.9955794545562544
test_1189,0.000932015114701893
test_1190,0.0004466888160372373
test_1192,0.999999736827891
test_1193,0.8559850618430905
test_1194,0.9999985791515189
test_1195,0.0004854739541074738
test_1196,0.00040150985134634464
test_1197,0.9999647455793803
test_1198,0.9947280067328331
test_1199,0.6265980787099497
test_1200,0.9809687882630562
test_1202,0.366158858127941
test_1204,0.9798176970809875
test_1205,0.001343849168718117
test_1206,0.9817561837612655
test_1207,0.9887002276036206
test_1208,2.400310148873312e-05
test_1211,0.9935105894615852
test_1212,0.9962338746970409
test_1213,0.9931504574036292
test_1214,0.004167002279123568
test_1217,2.94443834550645e-06
test_1219,0.999877890915257
test_1220,0.9998780935416397
test_1221,0.03680896464516687
test_1223,0.5637670030265072
test_1224,0.9975313165023567
test_1226,0.9839553493231368
test_1227,0.00010891411378247068
test_1228,8.043285639694112e-05
test_1230,0.9991379555676023
test_1231,0.001995382009297136
test_1232,0.009445103107105765
test_1234,0.5153533396447779
test_1237,4.952702669593856e-05
test_1238,1.801687091116852e-05
test_1241,0.9889902530969801
test_1243,0.003383653403368763
test_1244,0.0051552714765444535
test_1249,0.9754579469505569
test_1251,0.9919383669959126
test_1253,0.0034267118714782713
test_1255,0.10753802536859201
test_1257,0.9999804142157345
test_1259,3.870648237839926e-06
test_1260,0.19822980752837588
test_1261,0.008970387939833142
test_1262,0.9998179350235528
test_1263,0.9986656982321721
test_1266,0.9993278014258857
test_1267,0.9996054180284519
test_1270,6.010155557618676e-05
test_1271,0.006752173999945992
test_1273,0.9979947750016148
test_1274,0.9999794080209845
test_1275,0.550360515101752
test_1276,5.727772731968293e-05
test_1277,0.9046424435140967
test_1281,0.9846180935112359
test_1284,0.9993243631944421
test_1287,0.9958852378757901
test_1289,0.9948872538356139
test_1290,0.9084473751810236
test_1293,0.9805681182158626
test_1294,9.482893923676876e-07
test_1295,0.9999506340937678
test_1296,0.1958599050067655
test_1297,0.9999335877621394
test_1298,0.9994476462165415
test_1299,0.000296484985554895
test_1301,0.09843996830617832
test_1303,0.00022331575911414304
test_1305,0.9680287789246689
test_1306,0.9590073645338658
test_1307,0.0004300151352398323
test_1308,0.005820693209201175
test_1309,0.0005222779567481073
test_1310,1.0700383450435696e-05
test_1311,0.9970610532924857
test_1312,0.6743376991537595
test_1313,0.9991936337197058
test_1314,0.008414705483691037
test_1317,2.9826979514057403e-06
test_1320,0.3312720174705041
test_1323,0.840903914305824
test_1325,0.3745915466472411
test_1326,1.6115563877680874e-05
test_1329,0.9993736238720597
test_1330,0.8857057915524922
test_1332,0.7219504298499454
test_1333,0.9982851423451374
test_1334,0.18165949054266264
test_1335,0.9975697073524379
test_1336,0.006018862987953537
test_1337,2.3112965642884258e-06
test_1338,0.057354051408229634
test_1341,4.778640165783723e-06
test_1342,0.9953529429216087
test_1343,0.094692363609086
test_1345,3.9879666445547277e-07
test_1348,0.9999767904079272
test_1351,0.9946736928011164
test_1353,0.9999999736013476
test_1354,0.004708538520452099
test_1357,1.6833052039463694e-05
test_1358,0.005504415207104223
test_1361,0.95121368645988
test_1362,0.01822811343073849
test_1363,0.006790232907979995
test_1364,0.003919904060613117
test_1365,0.589068486287034
test_1366,0.389827322590874
test_1367,0.18929304089268925
test_1369,0.9071319798782752
test_1371,0.9994528135034313
test_1372,0.004338765253432231
test_1373,5.691062107602412e-06
test_1375,0.9998397342064639
test_1376,7.559892603631256e-05
test_1379,0.14457863149152786
test_1380,0.9998162637710231
test_1381,0.0002334731733388051
test_1382,0.9955808944845849
test_1383,0.1151881380415318
test_1384,0.00036989665893146797
test_1385,0.012047194959876677
test_1387,0.15103584254677588
test_1388,0.9984010229359245
test_1391,0.9273759367135361
test_1392,0.008557503999989282
test_1393,1.9799673032353534e-05
test_1394,0.09725121160196727
test_1397,6.56996391741853e-08
test_1399,0.0001751980187931799
test_1400,0.0009983021132855163
test_1402,0.7012497792055074
test_1403,0.00021744010329670407
test_1404,2.3730081563039022e-05
test_1407,0.0021001908121436983
test_1409,0.7469902957071135
test_1410,0.6102723362871036
test_1413,0.9994170242590218
test_1414,7.376341321491819e-07
test_1415,0.23408143797853126
test_1416,0.00021728951154553313
test_1420,0.7805091181129251
test_1421,0.9935345846935494
test_1422,0.9997493160907848
test_1423,1.9748183955452788e-06
test_1424,0.9971942371676916
test_1425,0.00032855391844095836
test_1428,0.9109036098299816
test_1430,0.9996692119028919
test_1434,0.0029820227913534224
test_1435,0.00153273992698703
test_1436,0.999999970742681
test_1438,3.5593695795712696e-05
test_1440,0.0020239785079367426
test_1443,0.24137618448014006
test_1444,0.0043725819226773915
test_1445,0.2645729224708917
test_1446,0.9995471005174736
test_1447,0.999997905991219
test_1449,0.9999294221096661
test_1450,0.24156640338168095
test_1451,0.016951574517858815
test_1453,0.9889388195972492
test_1454,0.9999901576197541
test_1455,0.1802468693854475
test_1457,0.014258756381874252
test_1458,0.9999924957583766
test_1459,0.004236138935895964
test_1461,0.09794515247585739
test_1464,1.9354057974276785e-05
test_1465,6.775162232576908e-05
test_1466,5.054137909580044e-06
test_1467,0.29139275699776357
test_1468,0.9813608435179731
test_1469,1.8750716056388306e-06
test_1470,0.9998916454239655
test_1471,8.971411657145893e-06
test_1472,0.9565501791050915
test_1473,0.000324299175505424
test_1474,0.9999816303400865
test_1475,0.27145520301951304
test_1476,0.006802194853871987
test_1477,0.9948224447126742
test_1480,0.9648899718767643
test_1482,0.9861174405596835
test_1483,0.9990209204260516
test_1485,0.12382351871639748
test_1486,0.0006583461971608005
test_1489,0.09267332428196262
test_1490,6.43869043867404e-06
test_1492,0.0004905516246248099
test_1493,0.001070720438579639
test_1494,3.780816688036682e-05
test_1495,0.9999893193310374
test_1497,0.0024743507242521705
test_1501,0.9990903824640434
test_1502,0.999965424760772
test_1503,0.19770071488751645
test_1505,0.8929642005516879
test_1506,0.9744606202211519
test_1509,4.0048034970088904e-05
test_1512,0.0005397978660976409
test_1513,0.0015547041085695195
test_1515,0.0007167767463393096
test_1516,0.005246416229830405
test_1520,0.5089431090068125
test_1521,0.0003020251742223798
test_1523,0.0001998095153824224
test_1524,0.001028662195980673
test_1525,0.9420256614980852
test_1526,0.9998198134309799
test_1527,0.0324378605267493
test_1528,0.20615928551879187
test_1529,0.9999998600028636
test_1530,0.9999175519212693
test_1531,0.9975318552019451
test_1532,0.031404019255394613
test_1533,0.9997676612371205
test_1534,0.9627826025901733
test_1535,0.516288143189914
test_1537,2.959930948477311e-07
test_1541,0.9987795485322178
test_1542,4.76952309796837e-06
test_1544,0.0016331104681395813
test_1546,0.003637483436295129
test_1548,0.981335760639202
test_1549,0.9122466154860538
test_1554,0.0004997583616401257
test_1555,0.005034247898050641
test_1557,9.02771948305329e-06
test_1559,0.9721107710528532
test_1560,0.9999197744869942
test_1562,0.0012266788079800634
test_1563,0.005015094214452974
test_1564,0.005630026315505092
test_1566,0.3931174270252349
test_1567,9.775530062271849e-05
test_1568,0.9983845153422807
test_1569,0.9997563661640564
test_1570,0.31945559118075717
test_1571,0.9998137794618857
test_1572,0.009217538911302604
test_1575,0.032061514535122786
test_1576,0.16534987555046163
test_1577,0.9999668112431569
test_1578,0.9643027057416247
test_1580,0.8301376520570595
test_1581,0.2086059957946226
test_1582,1.9577112131537283e-06
test_1583,0.9993467329962377
test_1586,0.2721200748067576
test_1587,0.0033476376090129756
test_1588,0.005932742477232301
test_1592,0.0008511467178441711
test_1593,0.9999877075575281
test_1595,0.5904575157068108
test_1600,0.00021714068781024506
test_1601,0.37145189239836457
test_1602,0.827369630630041
test_1603,0.9976284491434682
test_1606,0.06611033583150103
test_1607,5.331895655702472e-05
test_1608,0.9987382716048524
test_1609,0.8596961910779607
test_1610,0.9997663773211777
test_1611,0.019434583198943447
test_1612,0.6503705246206267
test_1613,0.19086680657596947
test_1614,0.9976880211506236
test_1617,0.7260385910299975
test_1618,0.0016125026530886732
test_1619,0.0001563494932958706
test_1620,2.3041327499896815e-06
test_1621,0.3495216972716947
test_1622,0.9999850279203683
test_1624,0.9813514230101962
test_1625,9.883961394654164e-07
test_1627,0.9961111755648849
test_1628,0.9984774516694714
test_1631,0.0013759027408447035
test_1632,2.28787527075605e-05
test_1634,0.9694884265332827
test_1636,0.00017556905815714388
test_1639,0.9551476572230982
test_1641,0.024775376419605845
test_1643,0.9992589317346959
test_1646,0.02934287476661202
test_1648,0.04566290869071024
test_1649,0.23939167009217535
test_1650,0.9950219794919926
test_1652,0.9985317734361174
test_1653,0.7844811303092423
test_1655,0.9961354423488283
test_1657,0.9931035766648779
test_1658,0.9110644092198737
test_1659,0.9990369084055911
test_1660,9.388928680224583e-05
test_1661,0.05413840328626864
test_1662,1.9298633470534517e-06
test_1663,0.5384897401774886
test_1664,0.9996812428246952
test_1665,0.05058100126998896
test_1666,0.8265238166218161
test_1667,0.9610281896306894
test_1669,0.0064739715200328625
test_1670,0.9966655525765138
test_1671,0.7477706158103601
test_1672,0.022031737364938537
test_1674,0.9215690591691945
test_1677,0.2788132126029273
test_1678,0.9997278578610171
test_1679,0.9999477417445616
test_1681,0.007434038455555989
test_1683,5.192453075056042e-05
test_1684,3.124301201138932e-07
test_1685,0.9999394479980263
test_1687,0.00190173824356924
test_1688,9.914439708913601e-06
test_1690,0.9840410834762452
test_1692,0.005555820534164709
test_1696,2.003452020060979e-06
test_1697,7.382961979111519e-07
test_1698,0.9992267121261911
test_1699,0.9999996774600294
test_1704,0.9999999609056127
test_1705,0.020287252542663007
test_1707,0.9987354644482465
test_1708,0.9997010178379162
test_1709,0.9996677252279721
test_1710,0.989841490806254
test_1712,0.6994183866549293
test_1713,0.9996515153732881
test_1715,0.99954859831865
test_1716,0.00041163777322365445
test_1717,1.5809923867212713e-05
test_1721,0.0025070802582533983
test_1723,0.06810222099319245
test_1724,1.0817793883400638e-05
test_1725,0.9996029750931427
test_1726,0.99766383263373
test_1727,0.0012503245986843798
test_1728,0.9838139165139353
test_1729,0.1286599666780194
test_1730,0.9993272303452018
test_1731,0.9999762925622999
test_1733,0.014767105505638785
test_1734,3.596859045414583e-08
test_1735,0.00012671332316516548
test_1736,0.14958749466236307
test_1737,7.803232097350108e-07
test_1738,6.716884254745874e-05
test_1740,0.998531150922724
test_1743,0.3703466700124157
test_1744,0.0006084136538051701
test_1745,0.9993487598244333
test_1747,0.03953306211688303
test_1748,0.0034898002922649353
test_1750,0.002496751203066207
test_1751,0.00037131649609745674
test_1752,0.00037283195193123307
test_1753,0.0008739511169280589
test_1754,0.12748705115430026
test_1756,0.000973483399746982
test_1757,0.9991308214129747
test_1759,0.9999991566699589
test_1760,0.00730570659708617
test_1762,0.965324367184355
test_1763,0.026878558483653094
test_1764,0.007792314703412755
test_1765,0.9638801111559631
test_1766,0.9998490660918566
test_1767,0.999918568346195
test_1768,0.0002895879697027339
test_1769,0.9999993577975409
test_1771,0.981760048269196
test_1772,0.0024172177990404056
test_1773,0.0021312524621654796
test_1774,0.9999428500180568
test_1775,0.9777729267044777
test_1776,0.4506611448229093
test_1777,6.63100408047133e-05
test_1779,0.9996836862079566
test_1781,0.24133381033243617
test_1784,0.9811200504764266
test_1785,0.0495056740512692
test_1786,0.999999950572376
test_1787,0.9996762793056475
test_1788,6.568229759121645e-05
test_1790,0.00014804374152321362
test_1792,1.1590319097325146e-05
test_1794,5.549205373741445e-09
test_1795,0.9549888921305103
test_1797,0.019650087305320724
test_1799,0.003025700831947626
test_1804,0.9999766520420402
test_1806,0.1023213448123664
test_1808,0.009242126289729893
test_1809,0.9994450791820314
test_1811,1.1056319574703461e-08
test_1812,0.007540560151021893
test_1813,0.9922378519753888
test_1814,0.9839160047627571
test_1815,0.100237319557959
test_1816,0.9490819997976061
test_1818,0.6103946629340169
test_1819,0.9614603263126514
test_1820,0.30813971184526395
test_1821,0.9202718765874118
test_1823,0.0001938455086484211
test_1824,0.9999560586076522
test_1825,0.001804966886509034
test_1827,1.997320266896138e-05
test_1828,0.0008537432093424591
test_1829,0.00027679758818904967
test_1830,0.49218197023649957
test_1831,1.5487405398744514e-05
test_1832,0.6968046813578034
test_1833,0.6255766259884242
test_1836,0.9829648311395367
test_1837,0.8446493022674345
test_1838,2.0577831803057297e-05
test_1840,0.14797167164865943
test_1841,0.09003975604121335
test_1843,0.8943208926112113
test_1844,0.3100911216633656
test_1846,0.3277238627222317
test_1847,0.9999999880802769
test_1848,0.04394024241205611
test_1850,0.21550425131396023
test_1851,0.9998594438476277
test_1852,0.9999693608005193
test_1853,0.9984739232269834
test_1854,0.0008725967712143168
test_1856,8.224135209103902e-05
test_1858,0.9999925510793256
test_1860,0.018621086635629194
test_1864,0.029951446805421993
test_1866,5.110603167273542e-08
test_1867,0.9999998405257143
test_1868,1.1718061398953943e-05
test_1870,0.36213327456849626
test_1872,0.9999723624084534
test_1873,0.965383354391186
test_1874,0.011577245855605385
test_1876,0.22460965227555477
test_1877,0.9911518323085735
test_1878,0.019844977281219915
test_1879,1.2263557347488078e-05
test_1880,0.015157972469080381
test_1882,0.999349310324656
test_1886,0.8083617298871213
test_1887,0.0688810077889499
test_1888,0.0007295462063549972
test_1892,0.9373913933173981
test_1896,0.8886655039086484
test_1897,0.9435981237140914
test_1898,0.026254277487026717
test_1899,0.8530218947494618
test_1900,0.8775935878731458
test_1902,0.002167108502595446
test_1904,0.03966007357453224
test_1905,0.9903726546453485
test_1906,0.9983041815774298
test_1907,0.9971274429257119
test_1909,0.8243584715200724
test_1911,0.9995809048790835
test_1914,0.9704278168004299
test_1915,0.5099267380885584
test_1918,0.08520990358053336
test_1921,0.9872097400142084
test_1922,4.9073509751735854e-05
test_1927,0.542855447367101
test_1928,0.32717920960682567
test_1930,6.12424755767319e-06
test_1931,0.031188566509590575
test_1932,0.0031574630714893497
test_1933,0.992876076731705
test_1934,0.5489040091632265
test_1935,0.9976025515653099
test_1937,0.8475735697108672
test_1938,0.8453489983031811
test_1939,0.9747472178026434
test_1941,0.9999686548852603
test_1942,0.00010042323320677466
test_1943,0.9999212005006242
test_1945,2.328823323372581e-06
test_1946,0.9999994016172554
test_1947,0.9996057155461637
test_1948,0.9935180957973819
test_1949,0.9964083479332292
test_1951,0.9947048426940825
test_1952,0.00043397818810739534
test_1954,0.004403490667962874
test_1955,0.000418197326183507
test_1956,0.2286478688579097
test_1957,0.0001403190655683488
test_1959,0.9901135834694971
test_1960,3.1722870747181663e-07
test_1961,0.9629967733118135
test_1967,0.023802164888111658
test_1969,0.07482739823047174
test_1970,0.7010497747919472
test_1971,0.8208008312660093
test_1972,0.9624009610967336
test_1973,0.7750730380610452
test_1975,0.9709119785726933
test_1976,0.7974340235973255
test_1977,0.9912243240968907
test_1978,0.9947232602673319
test_1979,0.15505724742375288
test_1980,0.48235124762378556
test_1982,0.9996514910199766
test_1983,0.9776030340977802
test_1984,0.14332987980940046
test_1985,0.998619210205471
test_1986,0.3867114906115442
test_1987,0.9987505568236528
test_1988,0.000964201129381916
test_1989,0.9999944044540925
test_1990,0.9974654464447431
test_1991,0.3782425263869074
test_1992,0.14735034263483124
test_1993,0.9950158544904407
test_1994,0.9902060344736904
test_1996,0.35609912248218967
test_1999,0.9892591596616498
test_2000,6.217024666314662e-07
test_2002,0.0004615189637262598
test_2004,4.792212452834914e-08
test_2005,2.152099417719796e-05
test_2007,0.00014277574394855439
test_2010,0.999808128428301
test_2011,0.9546751007549308
test_2012,0.999962472287623
test_2014,0.01471756655969545
test_2015,9.192648696752594e-06
test_2016,0.99983884759477
test_2017,0.9909036165564518
test_2018,0.9862353346256368
test_2019,0.9905510341797658
test_2020,0.0007039882131881484
test_2021,2.223545919619233e-05
test_2022,0.0036487105226553247
test_2023,0.5017331126598642
test_2024,0.999999247703016
test_2026,0.0008022987663104489
test_2027,0.9977209601871124
test_2028,0.8202895010450096
test_2030,0.9999943831453826
test_2031,0.004823547667243214
test_2032,0.0012978165626680602
test_2034,0.9813073547118666
test_2035,0.052437085183270775
test_2036,0.9997438934072296
test_2037,0.005636506414178569
test_2038,0.9999992331844378
test_2039,0.997532836515629
test_2041,0.5835367346777109
test_2043,0.9889242158529297
test_2044,2.3021837256764108e-05
test_2046,0.9997791932923259
test_2049,0.9949063252589437
test_2051,0.998010838854043
test_2052,0.88272986023293
test_2053,0.0018948819275441844
test_2054,0.9845867299407985
test_2055,0.9978636543411319
test_2058,0.9999833214299721
test_2060,0.9999999425118811
test_2061,0.9999694091787448
test_2063,2.3989214018331235e-05
test_2064,0.9999758697068286
test_2065,0.422308174374615
test_2066,0.9978322435151578
test_2070,0.7942335190879725
test_2071,0.2287789898100865
test_2073,0.9820687703720317
test_2074,1.5819787385486763e-05
test_2076,0.9999802952877507
test_2077,0.9999896186414411
test_2078,0.7679859108906302
test_2079,2.4148360042988047e-06
test_2080,0.6542975886884266
test_2081,0.999995313629982
test_2082,0.6384518764356818
test_2084,0.03646283206842914
test_2086,0.9885012525190686
test_2087,0.9999058650711296
test_2088,0.0004871109056181099
test_2093,1.9661764144233695e-05
test_2094,0.9991383437091095
test_2095,0.0017710510205688876
test_2096,0.9999996709635443
test_2097,0.00045304103209612903
test_2098,0.9999160221474924
test_2099,0.999797867064317
test_2100,0.18198324598040902
test_2101,0.953685395223315
test_2102,0.00012082606266700585
test_2104,0.9989671860574016
test_2106,0.9999336792999738
test_2111,0.9991287703870259
test_2113,0.7431504113091575
test_2114,0.31470257847257294
test_2116,0.9929092902405325
test_2117,0.0009673614647410139
test_2119,0.9334615533283034
test_2121,0.19271727668021937
test_2122,9.092887671160553e-05
test_2124,0.0053539814560274014
test_2125,1.9460604335009705e-05
test_2126,0.8459513307079858
test_2127,0.00012812939883321834
test_2128,0.08225336178694775
test_2129,0.04688101167786832
test_2130,0.9971481979858823
test_2131,0.9877215063347761
test_2133,0.9232397826230476
test_2134,0.0057498726285694175
test_2135,8.183115164461866e-07
test_2138,0.991421264321919
test_2139,0.008554914829868854
test_2140,0.5774892841052028
test_2141,7.656239577931929e-09
test_2143,0.10468127660976677
test_2145,0.23897089835534566
test_2147,0.9841364177754802
test_2148,0.6422476772899121
test_2151,0.8616136409977234
test_2153,0.6204702506352707
test_2155,6.908188558219919e-07
test_2157,1.2082154086844023e-05
test_2158,0.9959937566922791
test_2159,0.0011334166682209208
test_2160,0.02771440247648528
test_2161,0.9527601651758227
test_2162,0.2462430323039667
test_2163,2.4925598203907527e-05
test_2164,0.6598226733684474
test_2166,0.9123066984397454
test_2168,0.0007426098981840434
test_2169,8.838077364894145e-05
test_2170,0.6405728893323772
test_2172,3.155394698493043e-07
test_2173,0.9896051339403911
test_2174,0.17481166514796068
test_2176,0.0120573627823204
test_2177,0.933307339892316
test_2179,0.9759781539784286
test_2180,2.778132490634345e-05
test_2181,0.0018670475954058608
test_2182,0.00019968697968810663
test_2183,0.24840520730003585
test_2186,0.9132123849230723
test_2187,0.0038755073873754393
test_2188,0.002184963012199061
test_2189,0.1522345562991043
test_2190,0.01410595423893636
test_2192,1.5347831869717107e-05
test_2193,0.20224939003573789
test_2195,0.01484023152132156
test_2197,0.9048233201725592
test_2198,0.9975650913894263
test_2199,0.9841800654737232
test_2200,0.4489764532416553
test_2202,1.2628393595318139e-05
test_2203,0.0007955813100924575
test_2206,0.9774513793122572
test_2207,0.00010212986172608732
test_2209,0.005083769563019616
test_2211,0.28712804964405086
test_2213,0.9984269925457723
test_2214,0.6761026391898031
test_2215,0.9999999959265049
test_2216,0.9050572712492028
test_2218,0.012507302820874125
test_2219,0.6079406398021094
test_2220,0.9827409865805098
test_2221,2.631389250851957e-06
test_2222,0.31355082747403223
test_2224,0.9999310483402924
test_2226,0.9686900078036463
test_2227,0.9387052961685824
test_2228,6.169998880934845e-06
test_2229,0.4179417588126046
test_2230,2.2693362149838604e-06
test_2231,0.9990939725597496
test_2233,0.9999905122284094
test_2234,0.9991053049906121
test_2235,0.11981192550041647
test_2236,0.0037823394290283576
test_2237,0.4535083206838074
test_2239,0.9999964256392543
test_2241,0.006937060051509036
test_2242,0.9986570090806836
test_2245,0.07732285607851648
test_2246,0.004569407258427754
test_2247,0.2619713014879206
test_2249,0.9999701086449099
test_2251,4.805778071699497e-05
test_2252,4.3105192165681817e-07
test_2254,0.9990766210837586
test_2255,0.9741264051197598
test_2256,0.12532075085464456
test_2259,0.9999997671124933
test_2260,0.9749558440162294
test_2261,0.7090509986676008
test_2264,0.016762639047281286
test_2265,0.7249936000138011
test_2266,0.9847060739691695
test_2267,0.023847617105032793
test_2268,0.8872421775188161
test_2270,8.244723976579187e-05
test_2273,0.05509401556106125
test_2274,0.9982428960731123
test_2275,0.9999750304534029
test_2278,0.9698209502001435
test_2279,1.8955455300389537e-05
test_2280,0.98395268020885
test_2282,0.9970556833151569
test_2283,0.9421039327293959
test_2285,0.9992338537619343
test_2287,0.8922317786062771
test_2290,0.29682503048772735
test_2293,0.9723603641612815
test_2295,0.39659375383075435
test_2299,0.0005724936662026413
test_2300,1.621191199537452e-07
test_2302,9.81921601676516e-06
test_2303,0.9971508809129932
test_2306,0.0006731251535173065
test_2309,0.0008983553537308253
test_2312,0.006311890796524457
test_2314,0.0362755877387546
test_2315,0.509485230430512
test_2316,8.984042433892555e-06
test_2317,0.027793875964727613
test_2319,0.0022191392443991972
test_2320,0.9999691234948875
test_2322,0.00011299965856376664
test_2323,0.9987790957099296
test_2326,0.00021030348716698496
test_2328,5.579348443881007e-05
test_2330,0.026756849818655667
test_2332,0.9996912243453987
test_2333,0.9360526047253759
test_2334,0.9999916002281749
test_2335,0.813127788226743
test_2337,0.00014413496753501638
test_2338,0.9957423247509112
test_2339,0.30712441278322195
test_2340,0.09218742731330436
test_2341,0.03522461714368749
test_2343,0.001560089001765817
test_2344,0.9997285612865273
test_2345,2.763688820632887e-07
test_2346,0.9999295760243476
test_2348,8.902610935292104e-06
test_2349,6.970705883651971e-12
test_2352,0.978952574813543
test_2353,0.26886184267243296
test_2354,0.9966150818918581
test_2356,0.9998093570571654
test_2357,0.38896809812237976
test_2358,0.038825389292564114
test_2362,0.0070675394167228674
test_2364,0.0002906521899619768
test_2365,0.01857108502247283
test_2367,0.8512795709900605
test_2368,0.67368364293516
test_2371,0.9997354865651068
test_2373,0.09921658955010812
test_2374,0.040328081619638266
test_2375,0.750994691551256
test_2377,0.9966964352282746
test_2378,2.250397305030684e-05
test_2379,0.12360262421360194
test_2380,2.313151515502105e-05
test_2381,0.003159493839473752
test_2382,0.9993759361450463
test_2385,2.731081124043052e-05
test_2386,0.999920666030224
test_2389,0.9992563051989963
test_2390,0.025356722652108043
test_2391,0.136041533196577
test_2393,0.020547166551652733
test_2394,0.27922467267303314
test_2396,0.6109504612773493
test_2400,4.613017625695713e-06
test_2401,0.15099585277884153
test_2402,0.9160396776031702
test_2404,0.998124634357679
test_2405,0.0012847344063624318
test_2406,0.0006534322935090695
test_2407,0.9998714738037002
test_2409,0.0001182691829955446
test_2410,0.9997977669106191
test_2412,0.0012925609235723296
test_2413,0.9756856280820332
test_2414,0.9999998061888451
test_2416,0.0003149847344355492
test_2417,0.994042271388996
test_2418,0.6977528461083168
test_2420,5.464833407880546e-05
test_2423,1.1664497138406738e-08
test_2424,0.0001008797484141356
test_2425,0.9998179301091498
test_2426,4.1601078557979285e-07
test_2428,3.0327838405112655e-05
test_2429,0.3952305048032425
test_2430,2.715905988480864e-07
test_2431,0.029348194258475714
test_2433,0.9522449477280929
test_2434,0.6593853407754926
test_2435,0.9798373241877397
test_2436,0.9979552724694314
test_2437,0.3980471691057497
test_2438,0.7570657929642647
test_2439,1.7753472262416427e-05
test_2440,0.9999941748428662
test_2441,0.9985553718931582
test_2443,0.043494178827447424
test_2444,0.062292214827447054
test_2446,0.0141488023417639
test_2447,0.9967910221103111
test_2448,0.8972955078430584
test_2449,0.9890804919494053
test_2450,0.0126856989394478
test_2451,0.00016207384251457844
test_2452,0.931456899557402
test_2453,0.0026899262874075748
test_2454,0.98896028998546
test_2455,0.9999973651018472
test_2456,0.9861625083751322
test_2457,0.9988637529872629
test_2458,0.9999998454930806
test_2459,0.38534732408922995
test_2460,0.9962315828179734
test_2462,0.0002988178588464825
test_2464,0.9999650826239094
test_2468,0.09213447352840291
test_2470,0.1304618659350693
test_2471,0.07327613385830163
test_2473,0.3631081541122984
test_2475,2.504823730942882e-06
test_2476,0.014037091657006189
test_2477,7.287285758911787e-05
test_2481,0.0005502822896950529
test_2482,0.999970523774434
test_2484,0.6076534271350557
test_2485,0.9999990582259338
test_2486,0.9999939210464116
test_2487,0.02785402444115227
test_2489,6.765176117912211e-05
test_2492,0.9999995234709854
test_2493,0.999690674774884
test_2494,0.944752765647236
test_2495,1.6794207194942642e-05
test_2496,0.09294984023030861
test_2497,0.007173861014333019
test_2499,0.9999750623280834
test_2500,0.9953797195053617
test_2502,0.14203136865911808
test_2503,0.0007978636496836794
test_2504,0.04393353317942324
test_2505,9.47065528302307e-06
test_2506,0.9898634113052434
test_2509,2.2209402984817733e-06
test_2510,0.002672399599269967
test_2511,2.2987491484139003e-05
test_2513,0.6517705374213167
test_2516,0.9990280711942606
test_2517,0.5523640784536873
test_2518,0.9998643158357943
test_2520,0.9860868934239423
test_2523,0.5031015520842561
test_2524,0.9999861736980455
test_2525,0.7656304313624438
test_2528,0.00018065615010195377
test_2531,0.007567084723631594
test_2532,0.04559402011507794
test_2533,0.005500320069625839
test_2534,0.9999828630615122
test_2535,0.0008504020276139016
test_2537,0.9906749987796954
test_2540,0.9990199368623611
test_2541,0.9997184888577356
test_2542,0.009519288835081692
test_2544,0.9965758622685407
test_2545,0.4061055313648669
test_2547,0.45954934368272415
test_2549,0.9998828855987547
test_2553,1.5472279629576285e-06
test_2556,0.0018625808731985074
test_2557,0.001364769118854815
test_2558,3.577516466829333e-05
test_2560,0.02657329075757807
test_2561,0.005916496584480817
test_2562,0.0003340095895049571
test_2563,0.8629353465047276
test_2564,0.008821556209817356
test_2565,0.33356959338685666
test_2566,0.0002175038012701189
test_2567,0.9311449290824593
test_2571,0.6057926082811058
test_2572,0.002187768391506197
test_2574,7.358794976615113e-07
test_2575,0.9998405988092623
test_2576,0.00048171642167304
test_2577,0.8496322746100731
test_2578,0.290926789934677
test_2579,0.0023112211461674076
test_2581,0.9999548890630351
test_2582,0.9999611486663813
test_2583,0.38990426005057816
test_2584,1.1937805922952952e-06
test_2585,0.014731935050345835
test_2586,0.0067149258681619165
test_2587,0.2155681867437538
test_2588,2.055647832652254e-09
test_2590,0.0013055158295298993
test_2593,0.11489329050475411
test_2595,0.9999999317278594
test_2596,0.9985712811552301
test_2597,0.9805644952310641
test_2598,0.00040731041190096784
test_2600,0.5629805110169556
test_2602,0.999662075272909
test_2603,0.9781221757312507
test_2604,0.9999915318059639
test_2605,0.9996139462885687
test_2606,0.011501224402713723
test_2608,6.876422630749608e-06
test_2610,0.9977462793299087
test_2611,0.999478582144915
test_2612,0.9996903605095875
test_2613,0.9981117749727686
test_2614,0.9712838390766131
test_2616,0.9859226686765131
test_2617,0.8690157300075281
test_2620,0.02172804368564247
test_2623,0.6312990155127289
test_2624,0.9983172191300104
test_2625,0.9940636415200536
test_2626,0.9853932076151273
test_2629,0.0008358774253040316
test_2632,0.46383357483263715
test_2634,0.9996889641328379
test_2635,0.0008490876009985803
test_2638,0.002585766449657033
test_2639,0.999960346930521
test_2640,7.861716808227107e-06
test_2641,0.0010402217404901044
test_2642,0.9973134302155741
test_2643,0.9761071005630821
test_2646,0.33015764411964316
test_2648,0.9969513059355726
test_2649,0.999428518452077
test_2651,0.30855363007453634
test_2652,0.9924979217578922
test_2653,0.9998706814667073
test_2654,0.00025880054878491053
test_2656,0.1454073903347498
test_2659,0.9389737703020371
test_2662,5.990824458135728e-05
test_2663,0.00010324931839114148
test_2664,2.681105038819478e-06
test_2665,0.9945967872693048
test_2669,0.045876232011585735
test_2671,0.9995894589434023
test_2673,0.5833473459214686
test_2676,0.13974051338724405
test_2677,0.9958199152975866
test_2678,0.0038620178816337085
test_2681,0.059911205145518
test_2682,2.4371377626260934e-05
test_2683,1.2174719291337545e-05
test_2685,0.061404214950790105
test_2686,0.9997803186792827
test_2687,7.86538384793016e-08
test_2689,8.608007441579247e-05
test_2693,0.14042366274560075
test_2694,0.9742787760561391
test_2696,0.08201851615929992
test_2699,0.21704426930983103
test_2700,0.0001764551293578566
test_2701,0.999959413317633
test_2702,0.4409148843780253
test_2703,0.04702582913523416
test_2704,0.9999892084672253
test_2705,0.6067353501298507
test_2707,0.11424825044726535
test_2708,0.48915098289402476
test_2709,0.0011635971456117622
test_2710,0.9999963376727375
test_2711,0.9999547039398202
test_2712,0.41280905763148323
test_2713,3.300715469365564e-07
test_2714,0.9770615549977826
test_2715,0.17042600855860493
test_2716,1.2715417484409983e-07
test_2717,0.9997467284263696
test_2718,0.45148375933510043
test_2721,0.00788404513990935
test_2722,0.000681517599647485
test_2723,0.003492178765765825
test_2724,2.0939071973207385e-06
test_2725,0.9580328301551978
test_2726,0.17106993695309933
test_2727,0.9997367656896679
test_2728,0.5350664992390088
test_2729,0.36820854229259686
test_2731,0.00017913092379743636
test_2732,0.9989597152863213
test_2733,0.6772950746434476
test_2735,0.9938022543073427
test_2736,0.046438699316758
test_2739,0.9942257779396714
test_2740,4.411791730079855e-06
test_2741,7.257789819308415e-05
test_2742,0.024502289516025694
test_2743,0.00029213896961991225
test_2746,0.9999965428460766
test_2748,0.09319688613954873
test_2749,0.9908135396514384
test_2750,0.9999986698685379
test_2751,0.9999985108898043
test_2752,0.004115069136465156
test_2753,0.9988193739789669
test_2754,0.023803331879208568
test_2755,0.5090650845507669
test_2756,0.9957908655335527
test_2757,1.1520846997596682e-08
test_2758,0.9996772024469588
test_2759,0.0858371831613128
test_2761,0.24538807093387247
test_2762,0.015680252657433683
test_2766,0.005289336021526188
test_2772,1.1226566402799488e-08
test_2773,0.986761268762001
test_2774,0.0031148815692138153
test_2775,0.9949528398042542
test_2776,0.5922507220668389
test_2780,0.1310079151985507
test_2782,0.9999743292311254
test_2783,0.9999999232245685
test_2784,0.07049610835153274
test_2785,0.5988320535506443
test_2787,0.9900074128505492
test_2788,1.8099836144884177e-06
test_2789,0.9990560037938674
test_2791,0.9641554167080504
test_2792,0.8326971194884777
test_2794,0.002667115680280955
test_2795,0.38005670512397793
test_2796,0.9454716169219299
test_2798,0.18035792745073662
test_2800,0.9930711690051248
test_2801,0.09303600893958751
test_2802,0.4450106632697718
test_2804,0.9428560214617105
test_2805,0.24837691339558263
test_2809,0.008080000430853544
test_2813,0.6371467994319596
test_2816,0.025190973671243618
test_2819,2.332099377018482e-08
test_2820,0.9999951266442106
test_2821,0.9977953715270546
test_2823,0.9999351113829426
test_2824,0.013780949228002748
test_2825,0.985622267933085
test_2826,0.9184733015798898
test_2827,0.000430825139769098
test_2829,0.004016965874417849
test_2830,0.9996511240059124
test_2831,0.27459444316054504
test_2832,0.7457966365960892
test_2833,0.9998876532193365
test_2834,4.624810253199468e-05
test_2838,0.968690319194728
test_2839,0.999920597467525
test_2840,0.8567170309833407
test_2842,0.9905989656231736
test_2843,0.9974490585542486
test_2845,0.0002001993634693307
test_2846,0.00781369992664743
test_2848,0.9998675976898694
test_2849,0.9982698604086483
test_2851,9.514429306516335e-06
test_2852,0.4317188394862939
test_2853,0.0008752329611781751
test_2854,0.0008942401278369173
test_2855,4.452552125638263e-05
test_2856,0.3215311418144862
test_2857,7.252663799043415e-07
test_2858,0.9999787284668452
test_2860,0.01799175006081365
test_2861,0.9825341066553835
test_2862,0.002459764596657643
test_2864,0.00015537115893867948
test_2866,2.2703353705580486e-05
test_2867,0.9724688291715755
test_2874,0.00025132397709047956
test_2875,0.9712120084591854
test_2876,0.9293736956966859
test_2877,0.9880518728511116
test_2879,0.051179216856807284
test_2880,0.28770353773708435
test_2881,0.9926718976560464
test_2882,0.14621832719754724
test_2883,0.8595921746874992
test_2884,0.09892142594958546
test_2885,0.4367104263097982
test_2886,0.0007719099120738678
test_2888,0.00012101464448274861
test_2889,0.030730870709772734
test_2890,0.9999626154621685
test_2893,0.9999854110646793
test_2894,0.15629644451388647
test_2895,0.9999891840525914
test_2896,0.00015501788563394058
test_2897,0.997597821528265
test_2899,0.7590677768760622
test_2900,0.003128397748591439
test_2901,0.9447721134720035
test_2902,0.9959815973190083
test_2905,0.9882101790828448
test_2906,0.00022595965852200163
test_2907,0.9998319549149904
test_2910,0.0003344545647876908
test_2911,0.7313531490615076
test_2912,0.9450692270945826
test_2913,0.9999674851357607
test_2914,0.00299383973228134
test_2916,0.01276450327218878
test_2917,0.9981043911726091
test_2918,0.5288406611151767
test_2920,0.9212966149120891
test_2921,0.014118485348284436
test_2924,0.9998255099639172
test_2925,0.9999492905418336
test_2926,6.672329591470803e-05
test_2927,0.9999911091974109
test_2929,1.71781269725798e-07
test_2930,0.9997303751248798
test_2931,0.819045720272603
test_2932,0.5108274022750783
test_2934,0.9999999966536213
test_2936,0.8086129010441955
test_2937,0.3144330786219299
test_2940,0.9998680223974847
